nsmiles,fare
519,289.787037
372,163.7485483
622,175.1864055
2343,270.6839523
1797,267.5534015
